Фамилия, Имя, Отчество, Ученика

Петров, Игорь, Васильевич
Константинов, Павел, Игоревич
Иринина, Валентина, Игоревна
Кручинина, Анна, Петровна
Васильев, Михаил, Михайлович
Костин, Валерий, Иванович
Яковлев, Михаил, Давидович
Соколов, Александр, Иванович
Соколова, Анастасия, Георгиевна
Сычев, Андрей, Никитич
Тарасова, Ника, Ивановна
Киселева, Анастасия, Макаровна
Любимова, Марианна, Тимофеевна
Данилов, Филипп, Георгиевич
Трофимова, Маргарита, Тимофеевна
Александрова, Валерия, Антоновна
Борисов, Артемий, Мирославович
Петрова, Таисия, Савельевна
Иванова, Ксения, Ильинична
Лазарева, Василиса, Максимовна
Князева, Яна, Львовна
Русанов, Даниил, Данильевич
Фролов, Александр, Максимович
Воронина, Вера, Глебовна